keys,et,en,lv,fi
UI_REGISTER_TITLE,Vakuraamat,The register,Vakuraamat,Vakuraamat
UI_REGISTER_HINT,Vali lehekülg,Choose a page,Izvēlies lapu,Valitse sivu
UI_JOURNAL,Päevik,Journal,Dienasgrāmata,Päiväkirja
UI_MAPS,Kaardid,Maps,Kartes,Kartat
UI_INVENTORY,Kott,Bag,Soma,Laukku
UI_ARTIFACTS,Ajast välja,Out of time,Ārpus laika,Ajan ulkopuolelta
UI_LOCAL_ITEMS,Siit ja praegu,Here and now,Šeit un tagad,Täältä ja nyt
UI_EMPTY,(tühi),(empty),(tukšs),(tyhjä)
UI_CLOSE,Sulge,Close,Aizvērt,Sulje
UI_CONTINUE,Edasi,Continue,Tālāk,Jatka
UI_NEW_GAME,Mine kohale,Go there,Doties turp,Mene paikalle
UI_CONTINUE_GAME,Tagasi sinna,Back to where I was,"Atpakaļ, kur biju","Takaisin sinne, missä olin"
UI_QUIT,Välju,Quit,Iziet,Lopeta
UI_MENU,Menüü,Menu,Izvēlne,Valikko
UI_SAVE_MENU,Salvesta ja mine peamenüüsse,Save and go to main menu,Saglabāt un doties uz galveno izvēlni,Tallenna ja palaa päävalikkoon
UI_SAVE_QUIT,Salvesta ja välju,Save and quit,Saglabāt un iziet,Tallenna ja lopeta
UI_CHAPTER_COMMIT,"%s. peatükk lõppes. See, mis on tehtud, jääb nüüd tehtuks.",Chapter %s ends. What is done now stays done.,"%s. nodaļa beidzas. Kas izdarīts, tas paliek izdarīts.","Luku %s päättyy. Mikä on tehty, pysyy tehtynä."
UI_CHAPTER_COMMIT_FIRST,Peatükk lõppes. Igal peatüki lõpul jäävad sinu valikud lõplikuks. Peatüki sees võid ümber otsustada.,A chapter has ended. At the end of every chapter your choices become permanent. Within a chapter you may change your mind.,Nodaļa ir beigusies. Katras nodaļas beigās tavas izvēles kļūst galīgas. Nodaļas laikā vari pārdomāt.,Luku on päättynyt. Jokaisen luvun lopussa valintasi muuttuvat pysyviksi. Luvun aikana voit vielä muuttaa mieltäsi.
UI_PROMPT_EXAMINE,Vaata,Look,Skatīt,Katso
UI_PROMPT_TALK,Räägi,Talk,Runāt,Puhu
UI_PROMPT_TAKE,Võta,Take,Ņemt,Ota
UI_PROMPT_OPEN,Ava,Open,Atvērt,Avaa
UI_PROMPT_USE,Kasuta,Use,Lietot,Käytä
NOTICE_REGISTER_NEW_LINE,Vakuraamatu %s lehel on uus rida.,The register's %s page has a new line on it.,Reģistra lapā %s ir jauna rinda.,Vakuraamatun sivulla %s on uusi rivi.
NOTICE_LEFT_BEHIND,"%s jäi sinna, kus sa seisid. Ainult see, mis raamatusse kuulub, tuleb kaasa.",%s stayed where you stood. Only what belongs to the book comes along.,"%s palika tur, kur tu stāvēji. Līdzi nāk tikai tas, kas pieder grāmatai.","%s jäi sinne, missä seisoit. Mukaan tulee vain se, mikä kuuluu kirjaan."
NOTICE_ARTIFACT_TAKEN,%s. See kuulub raamatusse; see tuleb sinuga läbi aastate.,%s. It belongs to the book; it comes with you through the years.,%s. Tas pieder grāmatai; tas nāk tev līdzi cauri gadiem.,%s. Se kuuluu kirjaan; se kulkee mukanasi vuosien läpi.
NOTICE_SAVED,Salvestatud.,Saved.,Saglabāts.,Tallennettu.
NOTICE_ERA,%s,%s,%s,%s
UI_CHAPTER,%s. peatükk,Chapter %s,%s. nodaļa,Luku %s
UI_EPILOGUE,Epiloog,Epilogue,Epilogs,Epilogi
UI_REGISTER_LOCKED,Sul pole veel raamatut.,You don't have the book yet.,Tev vēl nav grāmatas.,Sinulla ei ole vielä kirjaa.
UI_PLAY_AGAIN,Mängi uuesti,Play again,Spēlēt vēlreiz,Pelaa uudelleen
MENU_LANGUAGE,Keel / Language,Keel / Language,Valoda / Language,Kieli / Language
MENU_FULLSCREEN,Täisekraan,Fullscreen,Pilnekrāns,Koko näyttö
MENU_ON,sees,on,ieslēgts,päällä
MENU_OFF,väljas,off,izslēgts,pois
MENU_CREDIT,"Kaardiandmed: Maa- ja Ruumiamet 2026; Läti: LĢIA, VZD; Soome: Maanmittauslaitos, Tilastokeskus","Map data: Maa- ja Ruumiamet 2026; Latvia: LĢIA, VZD; Finland: Maanmittauslaitos, Tilastokeskus","Kartes dati: Maa- ja Ruumiamet 2026; Latvija: LĢIA, VZD; Somija: Maanmittauslaitos, Tilastokeskus","Karttatiedot: Maa- ja Ruumiamet 2026; Latvia: LĢIA, VZD; Suomi: Maanmittauslaitos, Tilastokeskus"
UI_CODEX,Mis on tõsi,What's real,Kas ir patiess,Mikä on totta
FARM_PLOT,Peenar,Plot,Dobe,Kasvimaa
FARM_PLANT,Külva,Sow,Sēt,Kylvä
FARM_HARVEST,Lõika,Harvest,Novākt,Korjaa
FARM_WAIT,Oota,Wait,Gaidīt,Odota
FARM_EMPTY_HINT,Tühi peenar. Seemet pole kotis.,An empty plot. No seed in the bag.,Tukša dobe. Somā nav sēklu.,Tyhjä kasvimaa. Laukussa ei ole siemeniä.
FARM_EMPTY_READY,Tühi peenar. Kotis on %s.,An empty plot. The bag has %s.,Tukša dobe. Somā ir %s.,Tyhjä kasvimaa. Laukussa on %s.
FARM_READY_TEXT,%s on valmis.,%s is ready.,%s ir gatavs.,%s on valmis.
FARM_GROWING_TEXT,"%s kasvab, %d%%.","%s is growing, %d%%.","%s aug, %d%%.","%s kasvaa, %d%%."
FARM_PLANTED,Külvatud: %s.,Sown: %s.,Iesēts: %s.,Kylvetty: %s.
FARM_HARVESTED,Lõigatud: %d × %s.,Harvested: %d × %s.,Novākts: %d × %s.,Korjattu: %d × %s.
FARM_SEED_BIN,Seemnesalv,Seed bin,Sēklu tvertne,Siemenlaari
FARM_SEED_BIN_TEXT,Seemnekotid. Võta üks korraga; keegi ei loe.,Seed sacks. Take one at a time; nobody's counting.,Sēklu maisi. Ņem pa vienam; neviens neskaita.,Siemensäkkejä. Ota yksi kerrallaan; kukaan ei laske.
HUNT_PROMPT,Küti,Hunt,Medīt,Metsästä
HUNT_HINT,"%s. Õnnestumine umbes %d%%. Ligemale, aeglaselt.","%s. About %d%% chance. Closer, slowly.","%s. Izdošanās iespēja ap %d%%. Tuvāk, lēnām.","%s. Onnistumisen mahdollisuus noin %d%%. Lähemmäs, hitaasti."
HUNT_SUCCESS,Saak: %s.,Taken: %s.,Nomedīts: %s.,Saalis: %s.
HUNT_MISS,%s pääses.,The %s got away.,%s aizbēga.,%s pääsi pakoon.
TRADE_PROMPT,Kauple,Trade,Tirgoties,Käy kauppaa
UI_TRADE,Kauplemine,Trading,Tirdzniecība,Kaupankäynti
UI_BUY,Osta,Buy,Pirkt,Osta
UI_SELL,Müü,Sell,Pārdot,Myy
UI_BALANCE,Rahakott: %s,Purse: %s,Maciņš: %s,Kukkaro: %s
TRADE_NO_MONEY,Raha ei jätku.,Not enough money.,Nepietiek naudas.,Rahat eivät riitä.
TRADE_NOTHING_TO_SELL,"Sul pole midagi, mida siin ostetakse.",You have nothing they buy here.,"Tev nav nekā, ko šeit pērk.","Sinulla ei ole mitään, mitä täällä ostetaan."
BUILD_PROMPT,Ehita,Build,Būvēt,Rakenna
UI_BUILD,Ehitamine,Building,Būvniecība,Rakentaminen
BUILD_LEVEL,%s: %d / %d ehitatud.,%s: %d of %d built.,%s: uzbūvēti %d no %d.,%s: %d / %d rakennettu.
BUILD_LOCKED,Siin ei saa veel midagi ehitada. Maa pole teie oma – veel.,Nothing can be built here yet. The land isn't yours – yet.,Šeit vēl neko nevar būvēt. Zeme nav jūsu – pagaidām.,Täällä ei voi vielä rakentaa mitään. Maa ei ole teidän – vielä.
BUILD_DONE,%s on valmis (%s).,%s is finished (%s).,%s ir pabeigts (%s).,%s on valmis (%s).
BUILD_ALREADY,Juba ehitatud.,Already built.,Jau uzbūvēts.,Jo rakennettu.
BUILD_REQUIRES,Vajab enne: %s.,Needs first: %s.,Vispirms vajag: %s.,Tarvitaan ensin: %s.
BUILD_NO_MONEY,Raha ei jätku.,Not enough money.,Nepietiek naudas.,Rahat eivät riitä.
BUILD_NO_MATERIALS,Materjali ei jätku.,Not enough materials.,Nepietiek materiālu.,Materiaalit eivät riitä.
BUILD_COST,Hind: %s,Cost: %s,Cena: %s,Hinta: %s
UI_DEBUG_MAP,Silumiskaart,Debug map,Atkļūdošanas karte,Virheenjäljityskartta
UI_DEBUG_MAP_HINT,"Klõps kaardil: teleport. Parem klõps: seosed. Hiir näitab, mida register kohast ütleb. M sulgeb.",Click the map to teleport. Right click for links. Hover to read what the register says. M closes.,"Klikšķis kartē: teleports. Labais klikšķis: saites. Pele rāda, ko reģistrs saka par vietu. M aizver.","Napsautus kartalla: siirry sinne. Oikea napsautus: yhteydet. Hiiri näyttää, mitä rekisteri paikasta kertoo. M sulkee."
UI_KEYS,E tegutse   Tab vakuraamat   / otsi   B maatükk siin   J päevik   L keel   M kaart   I kiht   Shift+I tegevusala   K koodid   F lenda   T teleport   H algus   F8 teata   Esc menüü,E interact   Tab vakuraamat   / find   B this plot   J journal   L language   M map   I layer   Shift+I sector   K codes   F fly   T teleport   H home   F8 report   Esc menu,E darbība   Tab vakuraamat   / meklēt   B šis gabals   J dienasgrāmata   L valoda   M karte   I slānis   Shift+I nozare   K kodi   F lidot   T teleports   H sākums   F8 ziņot   Esc izvēlne,E toimi   Tab vakuraamat   / etsi   B tämä tontti   J päiväkirja   L kieli   M kartta   I taso   Shift+I toimiala   K koodit   F lennä   T siirry   H alkuun   F8 ilmoita   Esc valikko
MENU_SITE,Asukoht,Location,Vieta,Paikka
UI_BUILDING_GROUND,Maa ehitatakse laserandmetest...,Building the ground from the laser data...,Zeme tiek būvēta no lāzerdatiem...,Maata rakennetaan laseraineistosta...
MENU_NEW_LOCATION,Uus asukoht...,New location...,Jauna vieta...,Uusi paikka...
MENU_SEARCH,Otsi,Search,Meklēt,Hae
MENU_USE_MY_LOCATION,Kasuta minu asukohta,Use my location,Izmantot manu atrašanās vietu,Käytä sijaintiani
MENU_BACK,Tagasi,Back,Atpakaļ,Takaisin
MENU_CREATE_WORLD,Loo maailm,Create the world,Radīt pasauli,Luo maailma
MENU_LOCATION_HINT,"Aadress, koht või koordinaadid (L-EST97 ""E N"" või ""lat, lon""). Läti ja Soome kohti otsib nende aadressiregistritest kohalik teenus. Riigivalik piirab otsingu ja kaardi ühe riigiga.","An address, a place, or coordinates (L-EST97 ""E N"" or ""lat, lon""). Latvian and Finnish places are searched in their address registers by the local service. The country picker keeps the search and the map to one country.","Adrese, vieta vai koordinātas (L-EST97 ""E N"" vai ""lat, lon""). Latvijas un Somijas vietas to adrešu reģistros meklē vietējais serviss. Valsts izvēle ierobežo meklēšanu un karti ar vienu valsti.","Osoite, paikka tai koordinaatit (L-EST97 ""E N"" tai ""lat, lon""). Latvian ja Suomen paikkoja hakee niiden osoiterekistereistä paikallinen palvelu. Maavalinta rajaa haun ja kartan yhteen maahan."
MENU_SERVICE_DOWN,Kaarditeenus ei vasta (%s) ja seda ei õnnestunud käivitada. Käivita mäng skriptiga tools/play.sh,The tile service is not answering (%s) and could not be started. Launch the game with tools/play.sh,"Karšu serviss neatbild (%s), un to neizdevās palaist. Palaid spēli ar tools/play.sh","Karttapalvelu ei vastaa (%s), eikä sitä saatu käynnistettyä. Käynnistä peli skriptillä tools/play.sh"
MENU_OUTSIDE_ESTONIA,"See koht ei ole Eestis, Lätis ega Soomes. Praegu on andmed ainult nende kolme kohta.","That point is outside Estonia, Latvia and Finland. Data is only available for those three so far.","Šī vieta nav ne Igaunijā, ne Latvijā, ne Somijā. Pagaidām dati ir tikai par šīm trim.","Tämä kohta ei ole Virossa, Latviassa eikä Suomessa. Tietoja on toistaiseksi vain näistä kolmesta."
MENU_COUNTRY_ALL,Kõik riigid,All countries,Visas valstis,Kaikki maat
MENU_NO_RESULTS,Midagi ei leitud.,Nothing found.,Nekas netika atrasts.,Mitään ei löytynyt.
MENU_WORLD_READY,Maailm on valmis.,The world is ready.,Pasaule ir gatava.,Maailma on valmis.
MENU_LOCATION_NAME,Nimi,Name,Nosaukums,Nimi
MENU_GENERATING,Maailma luuakse: %s,Creating the world: %s,Pasaule tiek radīta: %s,Maailmaa luodaan: %s
MENU_STAGE_SERVICE,kaarditeenus,tile service,karšu serviss,karttapalvelu
MENU_STAGE_REQUEST,tellimus,request,pieprasījums,pyyntö
MENU_STAGE_DOWNLOAD,allalaadimine,download,lejupielāde,lataus
MENU_STAGE_INSTALL,paigaldus,install,uzstādīšana,asennus
MENU_CREATE_FAILED,Maailma ei õnnestunud luua.,The world could not be created.,Pasauli neizdevās radīt.,Maailman luominen epäonnistui.
MENU_CREATE_NOTE,"Kõrgusandmed, ortofoto, hoonete register, kataster ja äriregister laetakse ja pakitakse selle maa ametlikest avaandmetest. See võtab tavaliselt paar minutit.","Height data, the orthophoto, the building register, the cadastre and the business register are fetched from the country's official open data and packed. This usually takes a couple of minutes.","Augstuma dati, ortofoto, būvju reģistrs, kadastrs un uzņēmumu reģistrs tiek ielādēti no valsts oficiālajiem atvērtajiem datiem un sapakoti. Tas parasti aizņem pāris minūtes.","Korkeustiedot, ortokuva, rakennusrekisteri, kiinteistörekisteri ja kaupparekisteri haetaan maan virallisista avoimista tiedoista ja pakataan. Tämä kestää yleensä pari minuuttia."
MENU_REFRESHING,Paika värskendatakse: %s,Bringing %s up to date,Vieta tiek atjaunināta: %s,Paikkaa päivitetään: %s
MENU_REFRESH_NOTE,Selle paiga andmed on kogutud vanema torustikuga. Registrid laetakse uuesti; maapind jääb paigale.,This place's data was gathered by an older pipeline. The registers are fetched again; the ground stays as it is.,Šīs vietas dati savākti ar vecāku apstrādes ķēdi. Reģistri tiek ielādēti no jauna; zeme paliek kā ir.,Tämän paikan tiedot on koottu vanhemmalla käsittelyketjulla. Rekisterit haetaan uudelleen; maa pysyy ennallaan.
MENU_LOCATIONS,Asukohad...,Locations...,Vietas...,Paikat...
MENU_AVAILABLE,Olemas,Available,Pieejamās,Saatavilla
MENU_ON_SERVICE,Valmis teenuses,Ready on the service,Gatavas servisā,Valmiina palvelussa
MENU_SUGGESTED,Soovitatud kohad,Suggested places,Ieteiktās vietas,Ehdotetut paikat
MENU_MAP_LEGEND,"Ring: soovitatud koht. Täidetud: sinu maailmad, praegune paksem. Vii kursor rea või märgi peale.","Ring: a suggested place. Filled: your own worlds, the current one ringed. Point at a row or a mark.","Aplis: ieteikta vieta. Aizpildīts: tavas pasaules, pašreizējā apvilkta. Norādi uz rindu vai zīmi.","Rengas: ehdotettu paikka. Täytetty: omat maailmasi, nykyinen renkaalla. Osoita riviä tai merkkiä."
MENU_SEARCH_PLACES,Otsi kohta,Search for a place,Meklēt vietu,Hae paikkaa
MENU_PLAY,Mängi,Play,Spēlēt,Pelaa
MENU_INSTALL_PLAY,Paigalda ja mängi,Install and play,Uzstādīt un spēlēt,Asenna ja pelaa
MENU_CREATE,Loo,Create,Radīt,Luo
MENU_SHIPPED,kaasas,shipped,komplektā,mukana
MENU_INSTALLED,paigaldatud,installed,uzstādīta,asennettu
MENU_FRIENDS,Sõbrad,Friends,Draugi,Ystävät
MENU_SHARE_WORLD,Jaga seda maailma,Share this world,Dalīties ar šo pasauli,Jaa tämä maailma
MENU_VISIT,Külasta sõbra maailma (kood),Visit a friend's world (code),Apmeklēt drauga pasauli (kods),Vieraile ystävän maailmassa (koodi)
MENU_VISIT_GO,Mine,Go,Iet,Mene
MENU_WORLD_CODE,Maailma kood: %s,World code: %s,Pasaules kods: %s,Maailman koodi: %s
MENU_VISITING,Külas: %s (%s),Visiting: %s (%s),Ciemos: %s (%s),Vierailulla: %s (%s)
MENU_WORLDS_DOWN,Maailmateenus ei vasta (%s). Käivita: make world-service,The world service is not answering (%s). Start it with: make world-service,Pasauļu serviss neatbild (%s). Palaid to ar: make world-service,Maailmapalvelu ei vastaa (%s). Käynnistä se: make world-service
MENU_NO_SUCH_WORLD,Sellist maailma ei ole.,No such world.,Tādas pasaules nav.,Sellaista maailmaa ei ole.
NOTICE_FRIEND_DELIVERY,Sõber %s tegi sinu maailmas midagi: %s,"A friend, %s, did something in your world: %s",Draugs %s kaut ko izdarīja tavā pasaulē: %s,Ystävä %s teki jotain maailmassasi: %s
MENU_CURRENT,praegune,current,pašreizējā,nykyinen
UI_REPORT_TITLE,Teata probleemist,Report an issue,Ziņot par problēmu,Ilmoita ongelmasta
UI_REPORT_HINT,"Pilt on juba tehtud. Kirjuta, mis on valesti, kus, ja kuidas see peaks olema. Salvestatakse koos asukoha, sihtmärgi ja mänguseisuga.","The frame is already captured. Say what is wrong, where, and how it should be. Saved with your position, what you are looking at and the game state.","Kadrs jau ir uzņemts. Uzraksti, kas ir nepareizi, kur un kā tam vajadzētu būt. Saglabā kopā ar tavu atrašanās vietu, to, uz ko skaties, un spēles stāvokli.","Kuva on jo otettu. Kerro, mikä on vialla, missä ja miten sen pitäisi olla. Tallennetaan sijaintisi, katseesi kohteen ja pelin tilan kanssa."
UI_REPORT_SEND,Saada,Send,Sūtīt,Lähetä
UI_REPORT_SENT,Teade salvestatud: %s,Report saved: %s,Ziņojums saglabāts: %s,Ilmoitus tallennettu: %s
UI_CODES_PARCEL,Katastriüksus,Cadastral unit,Zemes vienība,Kiinteistö
UI_CODES_BUILDING,Hoone,Building,Ēka,Rakennus
UI_CODES_ROAD,Tee,Road,Ceļš,Tie
UI_CODES_TARGET,Sihtmärk,Target,Mērķis,Kohde
UI_CODES_COPIED,%d registrilinki kopeeritud lõikelauale,%d registry links copied to the clipboard,%d reģistra saites nokopētas starpliktuvē,%d rekisterilinkkiä kopioitu leikepöydälle
NOTICE_FLY_ON,"Lend sees (F): Shift ja Ctrl kiirendavad, vaata ja liigu",Fly on (F): Shift and Ctrl speed up; move where you look,"Lidošana ieslēgta (F): Shift un Ctrl paātrina; kusties, kur skaties",Lento päällä (F): Shift ja Ctrl kiihdyttävät; liiku katseen suuntaan
NOTICE_FLY_OFF,Lend väljas,Fly off,Lidošana izslēgta,Lento pois
NOTICE_TELEPORT,"Teleport %d, %d","Teleported to %d, %d","Teleports uz %d, %d","Siirryit kohtaan %d, %d"
NOTICE_HOME,Algus,Back at the start,Atpakaļ sākumā,Takaisin alussa
UI_PROMPT_RIDE,Sõida,Ride,Braukt,Aja
ITEM_BICYCLE,Jalgratas,Bicycle,Velosipēds,Polkupyörä
EX_BICYCLE,"Jalgratas. E: sõida; E uuesti, kui midagi ei vaata: tule maha.","A bicycle. E to ride; E again, looking at nothing, to get off.","Velosipēds. E, lai brauktu; vēlreiz E, uz neko neskatoties, lai nokāptu.","Polkupyörä. E: aja; E uudelleen, kun et katso mitään: nouse pois."
NOTICE_BIKE_ON,"Rattal. Shift kiiremini, E maha.","On the bike. Shift to go faster, E to get off.","Uz velosipēda. Shift ātrāk, E nokāpt.","Pyörän selässä. Shift nopeammin, E pois."
NOTICE_BIKE_OFF,Maha tuldud.,Off the bike.,Nokāpts.,Noustu pois pyörän selästä.
UI_LOADING_TILE,Naabertükk laeb: %s,Loading the neighbour tile: %s,Ielādē kaimiņu laukumu: %s,Naapurialue latautuu: %s
UI_LOADING_WORLD,%s laeb...,Loading %s...,Ielādē %s...,%s latautuu...
UI_LOADING_TOWN,Linn kerkib... %d%%,Building the town... %d%%,Pilsēta ceļas... %d%%,Kaupunki nousee... %d%%
UI_LOADING_GRAPHICS,Graafika valmib... %d varjutajat,Preparing graphics... %d shaders,Gatavo grafiku... %d ēnotāji,Grafiikkaa valmistellaan... %d varjostinta
NOTICE_EDGE_PENDING,Sealpoolne maa on alles mõõtmisel – oota hetk,The land beyond is still being surveyed. Wait a moment,Zeme tālāk vēl tiek uzmērīta – pagaidi mirkli,Maata tuolla puolen mitataan vielä – odota hetki
NOTICE_EDGE_NONE,Sealpool kaarti ei ole,There is no map beyond here,Tālāk karšu nav,Tuolla puolen ei ole karttaa
NOTICE_TILE_READY,Naaberala on valmis,The next stretch of land is ready,Nākamais zemes gabals ir gatavs,Seuraava maa-alue on valmis
UI_BOOK_TITLE,Vakuraamat,Vakuraamat,Vakuraamat,Vakuraamat
UI_BOOK_PLOTS,Maatükid,Plots,Zemes gabali,Tontit
UI_BOOK_PLOT,Maatükk,Plot,Zemes gabals,Tontti
UI_BOOK_COL_ADDRESS,Aadress,Address,Adrese,Osoite
UI_BOOK_COL_PURPOSE,Sihtotstarve,Purpose,Lietošanas mērķis,Käyttötarkoitus
UI_BOOK_COL_AREA,Pindala,Area,Platība,Pinta-ala
UI_BOOK_COL_VALUE,Maa väärtus,Land value,Zemes vērtība,Maan arvo
UI_BOOK_MORE,… ja veel %d kaugemal,… and %d more further away,… un vēl %d tālāk,… ja %d muuta kauempana
UI_BOOK_PICK,Vali maatükk nimekirjast või seisa sellel ja vajuta B.,"Pick a plot from the list, or stand on one and press B.",Izvēlies zemes gabalu sarakstā vai nostājies uz tā un nospied B.,Valitse tontti luettelosta tai seiso sen päällä ja paina B.
UI_BOOK_REGISTERED_HERE,Siia registreeritud,Registered here,Šeit reģistrēti,Rekisteröity tänne
UI_BOOK_NONE_REGISTERED,Ühtegi ettevõtet ei ole siia registreeritud.,No company is registered here.,Šeit nav reģistrēts neviens uzņēmums.,Tänne ei ole rekisteröity yhtään yritystä.
UI_BOOK_OVER_THE_YEARS,Krunt läbi aastate,This plot over the years,Šis zemes gabals gadu gaitā,Tontti vuosien varrella
UI_BOOK_TODAY,täna,today,šodien,tänään
UI_BOOK_ENLARGE,Klõpsa suuremalt vaatamiseks,Click to see it larger,"Klikšķini, lai redzētu lielāku",Napsauta nähdäksesi suurempana
UI_BOOK_SORT_BY,Järjesta: %s,Sort by %s,Kārtot pēc: %s,Järjestä: %s
UI_SHEET_OPEN_PLOT,Ava krunt vakuraamatus,Open the plot in the book,Atvērt zemes gabalu grāmatā,Avaa tontti kirjassa
UI_BOOK_FIND_PLACEHOLDER,Otsi aadressi või ettevõtet,Find an address or a company,Meklē adresi vai uzņēmumu,Etsi osoitetta tai yritystä
UI_BOOK_NO_MATCH,"Midagi ei vasta otsingule ""%s"".","Nothing matches ""%s"".","Nekas neatbilst ""%s"".","Mikään ei vastaa hakua ""%s""."
UI_FIND_PLOTS_ON,%d krunti,%d plots,%d zemes gabali,%d tonttia
UI_FIND_PLACEHOLDER,"Aadress, ettevõte või tänav","An address, a company or a street","Adrese, uzņēmums vai iela","Osoite, yritys tai katu"
UI_FIND_HINT,Nooled valivad · Enter juhatab · Shift+Enter hüppab · Esc sulgeb,Arrows choose · Enter points the way · Shift+Enter jumps · Esc closes,Bultiņas izvēlas · Enter rāda ceļu · Shift+Enter pārlec · Esc aizver,Nuolet valitsevat · Enter näyttää tien · Shift+Enter hyppää · Esc sulkee
UI_FIND_NOTHING,Selles linnas ei leidu midagi sellist.,Nothing like that in this town.,Šajā pilsētā nekā tāda nav.,Tästä kaupungista ei löydy mitään sellaista.
UI_FIND_KIND_PLOT,krunt,plot,zemes gabals,tontti
UI_FIND_KIND_BUILDING,hoone,building,ēka,rakennus
UI_FIND_KIND_COMPANY,ettevõte,company,uzņēmums,yritys
UI_FIND_KIND_STREET,tänav,street,iela,katu
NOTICE_TELEPORT_TO,Hüppasid: %s,Jumped to %s,Pārlēci uz: %s,Hyppäsit: %s
UI_IN_USE_SINCE,kasutusel alates %d,in use since %d,ekspluatācijā kopš %d,käytössä vuodesta %d
UI_BOOK_SOURCES,"Kõik siinsed arvud on avaandmed, nagu registrid need annavad.","Every figure here is open data, as the registers give it.","Katrs skaitlis šeit ir atvērtie dati, kā tos sniedz reģistri.","Jokainen luku tässä on avointa dataa, sellaisena kuin rekisterit sen antavat."
UI_SINCE,alates,since,kopš,alkaen
UI_TENANT_INACTIVE,ei tegutse,inactive,nedarbojas,ei toiminnassa
UI_CODES_TENANT,Üürnikud,Tenants,Nomnieki,Vuokralaiset
UI_CODES_OWNER,Omanik,Owner,Īpašnieks,Omistaja
BTN_LINK,Ava link,Open link,Atvērt saiti,Avaa linkki
BTN_SHOW,Näita,Show,Rādīt,Näytä
PURPOSE_ELAMUMAA,elamumaa,residential,dzīvojamā apbūve,asuminen
PURPOSE_ARIMAA,ärimaa,commercial,komercdarbības apbūve,liike- ja toimistorakentaminen
PURPOSE_TOOTMISMAA,tootmismaa,industrial,ražošanas apbūve,teollisuus
PURPOSE_TRANSPORDIMAA,transpordimaa,transport,transporta infrastruktūra,liikenne
PURPOSE_ULDKASUTATAV_MAA,üldkasutatav maa,public land,publiskā ārtelpa,yleinen alue
PURPOSE_UHISKONDLIKE_EHITISTE_MAA,ühiskondlike ehitiste maa,public buildings,sabiedriskas nozīmes objekti,yleiset rakennukset
PURPOSE_MAATULUNDUSMAA,maatulundusmaa,agricultural/forest,lauksaimniecība un mežsaimniecība,maa- ja metsätalous
PURPOSE_SIHTOTSTARBETA_MAA,sihtotstarbeta maa,no purpose set,bez noteikta mērķa,ei käyttötarkoitusta
PURPOSE_JAATMEHOIDLA_MAA,jäätmehoidla maa,waste,atkritumu apsaimniekošana,jätehuolto
PURPOSE_VEEKOGUDE_MAA,veekogude maa,water,ūdeņi,vesialue
PURPOSE_KAITSEALUNE_MAA,kaitsealune maa,protected,aizsargājama teritorija,suojelualue
BTN_GUIDE,Juhata,Guide,Vadīt,Opasta
BTN_GUIDE_TIP,Näita kompassil ja ekraanil teed selle maatükini,Point the compass and the screen marker at this plot,Rādīt kompasā un ekrānā ceļu līdz šim zemes gabalam,Näytä kompassissa ja näytöllä tie tälle tontille
BTN_TELEPORT,Mine,Go,Iet,Mene
BTN_TELEPORT_TIP,Hüppa kohe sinna,Jump there now,Pārlēkt turp tūlīt,Hyppää sinne heti
NOTICE_GUIDE_SET,Teejuht: %s,Guiding you to %s,Ceļvedis: %s,Opastus: %s
NOTICE_GUIDE_ARRIVED,Kohal: %s,You are at %s,Esi klāt: %s,Perillä: %s
UI_PROMPT_SWITCH_ON,Lülita sisse,Switch on,Ieslēgt,Kytke päälle
UI_PROMPT_SWITCH_OFF,Lülita välja,Switch off,Izslēgt,Kytke pois
UI_PROMPT_READ,Loe,Read,Lasīt,Lue
UI_NO_REGISTER,Registris seda hoonet ei ole (laserskaneeringu massiiv).,Not in the register (a shape from the laser scan).,Reģistrā šīs ēkas nav (forma no lāzerskenēšanas).,Ei rekisterissä (muoto laserkeilauksesta).
UI_LAMP,Lamp,Lamp,Lampa,Lamppu
UI_NOTICE_BOARD,Teadetetahvel,Notice board,Ziņojumu dēlis,Ilmoitustaulu
UI_SHEET_CLOSE,Esc sulgeb,Esc closes,Esc aizver,Esc sulkee
UI_SHEET_REGISTER,Ehitisregister: %s,Building register: %s,Igaunijas būvju reģistrs: %s,Viron rakennusrekisteri: %s
UI_SHEET_REGISTER_LV,Läti kinnisvarakataster: %s,Latvian real-property cadastre: %s,Nekustamā īpašuma valsts kadastrs: %s,Latvian kiinteistörekisteri: %s
UI_SHEET_CODE_LV,Ehitise katastritähis %s,Building cadastral designation %s,Būves kadastra apzīmējums %s,Rakennuksen kiinteistötunnus %s
UI_SHEET_TENANTS,Üürnikud,Tenants,Nomnieki,Vuokralaiset
UI_SHEET_OWNER,Katastriüksus %s · omanik %s,Cadastral unit %s · owner %s,Zemes vienība %s · īpašnieks %s,Kiinteistö %s · omistaja %s
UI_SHEET_NO_TENANTS,Ühtegi ettevõtet ei ole siia registreeritud.,No company is registered at this address.,Šajā adresē nav reģistrēts neviens uzņēmums.,Tähän osoitteeseen ei ole rekisteröity yhtään yritystä.
UI_SHEET_SHOPS,Kaardil (OpenStreetMap),On the map (OpenStreetMap),Kartē (OpenStreetMap),Kartalla (OpenStreetMap)
UI_SHOP_VACANT,tühi äripind,an empty shop unit,tukša tirdzniecības telpa,tyhjä liiketila
UI_SHOP_HOURS,täna avatud %s,open today %s,šodien atvērts %s,auki tänään %s
UI_SHOP_CLOSED_TODAY,täna suletud,closed today,šodien slēgts,suljettu tänään
UI_PROMPT_ENTER,Sisene,Enter,Ieiet,Mene sisään
UI_PROMPT_LEAVE,Välju,Leave,Iziet,Poistu
UI_BUILDING,Hoone,Building,Ēka,Rakennus
UI_FLOORS,%d korrust,%d floors,%d stāvi,%d kerrosta
NOTICE_ENTERED,Sees: %s,Inside: %s,Iekšā: %s,Sisällä: %s
MENU_PACKS_COUNT,%d kohta,%d places,%d vietas,%d paikkaa
MENU_ESTIMATING,Hindan allalaadimist...,Estimating the download...,Novērtēju lejupielādi...,Arvioin latausta...
MENU_ESTIMATE,"Allalaadimine umbes %s (%s juba vahemälus), aeg umbes %s: laadimine %s ja töötlus %s. Kettal vaba %s.","Download about %s (%s already cached), roughly %s: %s to download and %s to process. %s free on disk.","Lejupielāde ap %s (%s jau kešatmiņā), aptuveni %s: %s lejupielādei un %s apstrādei. Diskā brīvi %s.","Lataus noin %s (%s jo välimuistissa), aikaa noin %s: %s lataukseen ja %s käsittelyyn. Levyllä vapaana %s."
MENU_ESTIMATE_UNKNOWN,Allalaadimise mahtu ei õnnestunud hinnata.,The download size could not be estimated.,Lejupielādes apjomu neizdevās novērtēt.,Latauksen kokoa ei voitu arvioida.
MENU_LOW_DISK,Kettal on vaba vaid %s; maailma jaoks on vaja vähemalt %s. Kustuta vanu maailmu jaotisest Salvestatud.,Only %s free on disk; a world needs at least %s. Remove old worlds under Storage.,Diskā brīvi tikai %s; pasaulei vajag vismaz %s. Izdzēs vecas pasaules sadaļā Krātuve.,Levyllä on vapaana vain %s; maailma tarvitsee vähintään %s. Poista vanhoja maailmoja kohdassa Tallennustila.
MENU_STORAGE,Salvestatud maailmad,Storage,Krātuve,Tallennustila
MENU_STORAGE_LINE,"%s paigaldatud maailmades, %s naabruse ruutudes, kettal vaba %s","%s in installed worlds, %s in neighbour tiles, %s free on disk","%s uzstādītajās pasaulēs, %s kaimiņu laukumos, diskā brīvi %s","%s asennetuissa maailmoissa, %s naapurialueissa, levyllä vapaana %s"
MENU_SERVICE_CACHE,Kaarditeenuse vahemälu: %s (%s),Tile service cache: %s (%s),Karšu servisa kešatmiņa: %s (%s),Karttapalvelun välimuisti: %s (%s)
MENU_NEIGHBOUR_TILES,Naabruse ruudud (%d),Neighbour tiles (%d),Kaimiņu laukumi (%d),Naapurialueet (%d)
MENU_OUTDATED,vananenud,out of date,novecojis,vanhentunut
MENU_TILES_OUTDATED,%d vananenud,%d out of date,%d novecojuši,%d vanhentunutta
MENU_REFRESH,Värskenda,Refresh,Atjaunināt,Päivitä
MENU_REFRESH_QUEUED,%d paika värskendatakse taustal.,%d place(s) are being brought up to date in the background.,%d vietas tiek atjauninātas fonā.,%d paikkaa päivitetään taustalla.
MENU_DELETE,Kustuta,Remove,Dzēst,Poista
MENU_CONFIRM_DELETE,Kindlasti kustuta,Really remove,Tiešām dzēst,Poista varmasti
MENU_DELETE_ALL_TILES,Kustuta kõik naabruse ruudud,Remove all neighbour tiles,Dzēst visus kaimiņu laukumus,Poista kaikki naapurialueet
MENU_REMOVED,Prügikasti viidud.,Moved to the trash.,Pārvietots uz miskasti.,Siirretty roskakoriin.
MENU_YOUR_WORLDS,Sinu maailmad,Your worlds,Tavas pasaules,Omat maailmasi
MENU_IDEAS,Ideid,Ideas,Idejas,Ideoita
MENU_MANAGE_STORAGE,Halda salvestatut...,Manage storage...,Pārvaldīt krātuvi...,Hallitse tallennustilaa...
MENU_GO,Mine,Go,Iet,Mene
MENU_RESULT_YOURS,sinu maailm: %s,your world: %s,tava pasaule: %s,oma maailmasi: %s
MENU_RESULT_READY,valmis teenuses,ready on the service,gatava servisā,valmiina palvelussa
MENU_RESULT_NEW,"uus maailm, umbes %s, laadida %s","new world, about %s, %s to download","jauna pasaule, apmēram %s, lejupielāde %s","uusi maailma, noin %s, ladattavaa %s"
MENU_RESULT_NEW_PLAIN,uus maailm,new world,jauna pasaule,uusi maailma
MENU_PLAYED_TODAY,täna,today,šodien,tänään
MENU_PLAYED_YESTERDAY,eile,yesterday,vakar,eilen
MENU_PLAYED_DAYS,%d päeva tagasi,%d days ago,pirms %d dienām,%d päivää sitten
MENU_PLAYED_NEVER,külastamata,not visited yet,vēl nav apmeklēta,ei vielä käyty
MENU_CANCEL,Katkesta,Cancel,Atcelt,Peruuta
MENU_CANCELLING,Katkestan...,Cancelling...,Atceļ...,Perutaan...
MENU_CANCELLED,Maailma loomine katkestati.,Creating the world was cancelled.,Pasaules radīšana atcelta.,Maailman luominen peruttiin.
MENU_MAP_GO,"Täidetud: sinu maailmad, praegune rõngaga. Rõngas: idee. Sinine täpp: valmis teenuses. Klõpsa märgil, et sinna minna.","Filled: your worlds, the current one ringed. Ring: an idea. Blue dot: ready on the service. Click a mark to go there.","Aizpildīts: tavas pasaules, pašreizējā ar loku. Loks: ideja. Zils punkts: gatava servisā. Noklikšķini uz zīmes, lai dotos turp.","Täytetty: omat maailmasi, nykyinen renkaalla. Rengas: idea. Sininen piste: valmiina palvelussa. Napsauta merkkiä mennäksesi sinne."
COUNTRY_EE,Eesti,Estonia,Igaunija,Viro
COUNTRY_LV,Läti,Latvia,Latvija,Latvia
COUNTRY_FI,Soome,Finland,Somija,Suomi
UI_BOOK_BUILDING_RIGHT,Ehitusõigus: %d m² korrusepinda (detailplaneering %s),Building right: %d m² of floor area (zoning plan %s),Apbūves tiesības: %d m² stāvu platības (detālplānojums %s),Rakennusoikeus: %d k-m² (asemakaava %s)
UI_SHEET_REGISTER_FI,Soome ehitusregister (Ryhti): %s,Finnish building register (Ryhti): %s,Somijas būvju reģistrs (Ryhti): %s,Suomen rakennusrekisteri (Ryhti): %s
UI_SHEET_CODE_FI,Püsiv ehitistunnus %s,Permanent building identifier %s,Pastāvīgais būves identifikators %s,Pysyvä rakennustunnus %s
UI_BUS_STOP,Bussipeatus,Bus stop,Autobusa pietura,Bussipysäkki
UI_BUS_LINES,Liinid: %s,Lines: %s,Maršruti: %s,Linjat: %s
UI_MAP_MODE,Kiht,Layer,Slānis,Taso
UI_MAP_MODE_OFF,väljas,off,izslēgts,pois
UI_MAP_MODE_SECTOR,tegevusala,sector,nozare,toimiala
UI_MAP_MODE_SIZE,töötajad,employees,darbinieki,työntekijät
UI_MAP_MODE_HEALTH,ettevõtte seis,company health,uzņēmuma stāvoklis,yrityksen tila
UI_MAP_MODE_AGE,asutamisaasta,founded,dibināšanas gads,perustamisvuosi
UI_MAP_MODE_OWNERS,ühised omanikud,shared owners,kopīgi īpašnieki,yhteiset omistajat
UI_MAP_HEALTH_NOTE,"Krundil tegutseva suurima ettevõtte seis, mitte hoone seisukord. Kui krundil ei tegutse ühtegi ettevõtet, näitab värv sinna registreeritud ettevõtete halvimat seisu. Roheline: korras. Kollane: majandusaasta aruanne hilineb või käive langes aastaga üle 40 %. Punane: likvideerimisel või pankrotis, või aasta jooksul null makse, kuigi töötajaid on.","The health of the plot's largest active company, not the state of the building. When no company on the plot is active, the colour shows the worst verdict among those registered there. Green: sound. Yellow: the annual report is overdue, or turnover fell by more than 40 % on the year before. Red: in liquidation or bankrupt, or a year of zero taxes while employing staff.","Zemes gabala lielākā darbojošā uzņēmuma stāvoklis, nevis ēkas stāvoklis. Ja gabalā neviens uzņēmums nedarbojas, krāsa rāda sliktāko stāvokli starp tur reģistrētajiem. Zaļš: kārtībā. Dzeltens: gada pārskats kavējas vai apgrozījums gada laikā krities vairāk nekā par 40 %. Sarkans: likvidācijā vai maksātnespējā, vai gads bez nodokļiem, lai gan ir darbinieki.","Tontin suurimman toimivan yrityksen tila, ei rakennuksen kunto. Jos tontilla ei toimi yhtään yritystä, väri näyttää sinne rekisteröityjen yritysten huonoimman tilan. Vihreä: kunnossa. Keltainen: tilinpäätös on myöhässä tai liikevaihto laski vuodessa yli 40 %. Punainen: selvitystilassa tai konkurssissa, tai vuosi ilman veroja, vaikka työntekijöitä on."
UI_MAP_AGE_NOTE,"Krundi suurima tegutseva ettevõtte asutamisaasta, mitte hoone vanus.","The year the plot's largest active company was founded, not the age of the building.","Zemes gabala lielākā darbojošā uzņēmuma dibināšanas gads, nevis ēkas vecums.","Tontin suurimman toimivan yrityksen perustamisvuosi, ei rakennuksen ikä."
UI_MAP_SECTOR_NOTE,"Krunt saab värvi oma suurimalt tegutsevalt ettevõttelt (kõige rohkem töötajaid, siis suurim käive). Teised samal krundil tegutsevad ettevõtted värvi ei muuda – nad on krundi lehel. Värvimata: krundile pole ühtegi tegutsevat ettevõtet registreeritud.","A plot takes the colour of its largest active company (most employees, then highest turnover). Other companies on the same plot don't change the colour; the plot's page lists them. Uncoloured: no active company is registered on the plot.","Zemes gabals iegūst sava lielākā darbojošā uzņēmuma krāsu (visvairāk darbinieku, tad lielākais apgrozījums). Citi uzņēmumi tajā pašā gabalā krāsu nemaina – tie ir zemes gabala lapā. Bez krāsas: gabalā nav reģistrēts neviens darbojošs uzņēmums.","Tontti saa värinsä suurimmalta toimivalta yritykseltään (eniten työntekijöitä, sitten suurin liikevaihto). Muut saman tontin yritykset eivät muuta väriä – ne ovat tontin sivulla. Värittämätön: tontille ei ole rekisteröity yhtään toimivaa yritystä."
UI_MAP_SIZE_NOTE,"Ringi suurus: krundi suurima tegutseva ettevõtte töötajate arv (maksuameti viimasest kvartalist, muidu majandusaasta aruandest).","Circle size: the employees of the plot's largest active company (from the tax office's latest quarter, else the annual report).","Apļa lielums: zemes gabala lielākā darbojošā uzņēmuma darbinieku skaits (no nodokļu dienesta pēdējā ceturkšņa, citādi no gada pārskata).","Ympyrän koko: tontin suurimman toimivan yrityksen työntekijämäärä (veroviranomaisen viimeisimmältä neljännekseltä, muuten tilinpäätöksestä)."
UI_MAP_OWNERS_NOTE,"Joon ühendab krunte, mille ettevõtetel on äriregistri järgi ühine omanik või juhatuse liige. Inimesi ei nimetata; register annab ainult ühise tunnuse.",A line joins plots whose companies share an owner or a board member in the business register. No person is named; the register gives only a shared identifier.,"Līnija savieno zemes gabalus, kuru uzņēmumiem uzņēmumu reģistrā ir kopīgs īpašnieks vai valdes loceklis. Neviens cilvēks netiek nosaukts; reģistrs dod tikai kopīgu identifikatoru.","Viiva yhdistää tontit, joiden yrityksillä on kaupparekisterin mukaan yhteinen omistaja tai hallituksen jäsen. Ketään ei nimetä; rekisteri antaa vain yhteisen tunnisteen."
UI_MAP_SIZE_LEGEND,ring: töötajate arv,circle: employees,aplis: darbinieku skaits,ympyrä: työntekijämäärä
UI_MAP_OWNERS_LEGEND,joon: sama omanik või juhatuse liige,line: same owner or board member,līnija: tas pats īpašnieks vai valdes loceklis,viiva: sama omistaja tai hallituksen jäsen
UI_MAP_MODE_MIX,tegevusalade segu,industry mix,nozaru sajaukums,toimialojen sekoitus
UI_MAP_MODE_FOCUS,üks tegevusala,one sector,viena nozare,yksi toimiala
UI_MAP_FOCUS_PICK,Tegevusala: %s,Sector: %s,Nozare: %s,Toimiala: %s
UI_SHEET_CODE_EE,EHR %s,EHR %s,EHR %s,EHR %s
UI_MAP_SECTOR_UNKNOWN,tegevusala teadmata,sector not given,nozare nav norādīta,toimiala ei tiedossa
UI_MAP_FOCUS_ALL,kogu krunt,the whole plot,viss zemes gabals,koko tontti
UI_MAP_FOCUS_HALF,umbes pool,about half,apmēram puse,noin puolet
UI_MAP_FOCUS_SOME,väike osa,a small part,neliela daļa,pieni osa
UI_MAP_FOCUS_NONE,selle ala ettevõtteid pole,none of this sector,šīs nozares uzņēmumu nav,ei tämän toimialan yrityksiä
UI_MAP_MIX_NOTE,"Iga krunt on triibuline oma tegutsevate ettevõtete tegevusalade värvides. Triibu laius on selle tegevusala osa krundi töötajatest või, kui ükski ettevõte töötajaid ei näita, ettevõtetest. Üks värv: üks tegevusala. Hallid triibud: ettevõtted, millele register tegevusala ei anna.","Each plot is striped in the colours of its active companies' sectors. A stripe's width is that sector's share of the plot's employees, or of its companies where none of them reports staff. One colour: one sector. Grey stripes: companies the register gives no activity code.","Katrs zemes gabals ir svītrots tā darbojošos uzņēmumu nozaru krāsās. Svītras platums ir šīs nozares daļa no gabala darbiniekiem vai, ja neviens uzņēmums darbiniekus neuzrāda, no uzņēmumiem. Viena krāsa: viena nozare. Pelēkas svītras: uzņēmumi, kuriem reģistrā nav norādīta darbības joma.","Jokainen tontti on raidoitettu sen toimivien yritysten toimialojen väreillä. Raidan leveys on toimialan osuus tontin työntekijöistä tai, jos mikään yritys ei ilmoita henkilöstöä, yrityksistä. Yksi väri: yksi toimiala. Harmaat raidat: yritykset, joille rekisteri ei anna toimialaa."
UI_MAP_FOCUS_NOTE,"Kui suur osa krundist kuulub valitud tegevusalale: selle osa krundi tegutsevate ettevõtete töötajatest või, kui ükski töötajaid ei näita, ettevõtetest. Tegevusala vahetab nupp kaardi kohal; maapind näitab sama.","How much of each plot is in the chosen sector: its share of the employees of the plot's active companies, or of the companies themselves where none reports staff. The button above the map changes the sector; the ground shows the same one.","Cik liela daļa no katra zemes gabala pieder izvēlētajai nozarei: tās daļa no gabala darbojošos uzņēmumu darbiniekiem vai, ja neviens darbiniekus neuzrāda, no pašiem uzņēmumiem. Nozari maina poga virs kartes; zeme rāda to pašu.","Kuinka suuri osa kustakin tontista kuuluu valittuun toimialaan: sen osuus tontin toimivien yritysten työntekijöistä tai, jos mikään ei ilmoita henkilöstöä, itse yrityksistä. Toimialaa vaihdetaan kartan yläpuolella olevasta painikkeesta; maa näyttää saman."
SECTOR_FARM,põllumajandus ja metsandus,farming and forestry,lauksaimniecība un mežsaimniecība,maa- ja metsätalous
SECTOR_INDUSTRY,tööstus ja energia,industry and energy,rūpniecība un enerģētika,teollisuus ja energia
SECTOR_CONSTRUCTION,ehitus,construction,būvniecība,rakentaminen
SECTOR_TRADE,kaubandus,trade and repair,tirdzniecība un remonts,kauppa ja korjaus
SECTOR_TRANSPORT,transport,transport and storage,transports un uzglabāšana,kuljetus ja varastointi
SECTOR_HOSPITALITY,majutus ja toitlustus,hotels and restaurants,izmitināšana un ēdināšana,majoitus ja ravitsemus
SECTOR_MEDIA,meedia ja IT,media and IT,mediji un IT,media ja IT
SECTOR_FINANCE,rahandus,finance and insurance,finanses un apdrošināšana,rahoitus ja vakuutus
SECTOR_PROPERTY,kinnisvara,real estate,nekustamais īpašums,kiinteistöala
SECTOR_SERVICES,teenused,professional services,profesionālie pakalpojumi,asiantuntijapalvelut
SECTOR_PUBLIC,"avalik sektor, haridus, tervis","public, education, health","publiskais sektors, izglītība, veselība","julkinen sektori, koulutus, terveys"
SECTOR_CULTURE,"kultuur, sport, muud teenused","arts, sport, other services","māksla, sports, citi pakalpojumi","taide, urheilu, muut palvelut"
HEALTH_SOUND,korras,sound,kārtībā,kunnossa
HEALTH_WATCH,jälgimisel,watch,uzraudzībā,seurannassa
HEALTH_DISTRESSED,raskustes,distressed,grūtībās,vaikeuksissa
HEALTH_WHY_REPORT,majandusaasta aruanne hilineb,annual report overdue,gada pārskats kavējas,tilinpäätös myöhässä
HEALTH_WHY_TURNOVER,käive langes %s → %s (%d → %d),turnover fell %s → %s (%d → %d),apgrozījums krities %s → %s (%d → %d),liikevaihto laski %s → %s (%d → %d)
HEALTH_WHY_TURNOVER_RULE,käive langes aastaga üle 40 %,turnover fell by more than 40 % on the year before,apgrozījums gada laikā krities vairāk nekā par 40 %,liikevaihto laski vuodessa yli 40 %
HEALTH_WHY_STATUS,registri staatus: %s,register status: %s,reģistra statuss: %s,rekisterin tila: %s
HEALTH_WHY_ZERO_TAXES,"aasta jooksul null makse, kuigi töötajaid on",a year of zero taxes while employing staff,"gads bez nodokļiem, lai gan ir darbinieki","vuosi ilman veroja, vaikka työntekijöitä on"
UI_EMPLOYEES,%d töötajat,%d employees,%d darbinieki,%d työntekijää
UI_TURNOVER,käive %s/a,turnover %s/yr,apgrozījums %s/g.,liikevaihto %s/v
UI_TAXES,maksud %s/a,taxes %s/yr,nodokļi %s/g.,verot %s/v
UI_BOARD,juhatuses %d,board of %d,valdē %d,hallituksessa %d
UI_OWNER_MANAGED,omanik juhib,owner-managed,vada īpašnieks,omistajan johtama
UI_CAPITAL,kapital %s,capital %s,kapitāls %s,pääoma %s
UI_ALL,Kõik,All,Visi,Kaikki
UI_BOOK_COMPANIES,Ettevõtted,Companies,Uzņēmumi,Yritykset
UI_BOOK_COL_COMPANY,Ettevõte,Company,Uzņēmums,Yritys
UI_BOOK_COL_SECTOR,Tegevusala,Sector,Nozare,Toimiala
UI_BOOK_COL_EMPLOYEES,Töötajaid,Employees,Darbinieki,Työntekijöitä
UI_BOOK_COL_TURNOVER,Käive,Turnover,Apgrozījums,Liikevaihto
UI_BOOK_PLACE,Paik,Place,Vieta,Paikka
UI_BOOK_COL_OWNERSHIP,Omandivorm,Ownership,Īpašuma forma,Omistusmuoto
UI_BOOK_LAND_REGISTRY,Kinnistu,Land registry,Zemesgrāmata,Kiinteistö
UI_BOOK_REGISTERED,Katastrisse kantud,Entered in the cadastre,Ierakstīts kadastrā,Merkitty kiinteistörekisteriin
UI_BOOK_IN_THE_REGISTER,Vaata registris,See it in the register,Skatīt reģistrā,Katso rekisteristä
UI_BOOK_VINTAGE,Andmed seisuga %s,Data as of %s,Dati uz %s,Tiedot tilanteessa %s
UI_BOOK_COUNTS,%d maatükki · %d hoonet · %d ettevõtet,%d plots · %d buildings · %d companies,%d zemes gabali · %d ēkas · %d uzņēmumi,%d tonttia · %d rakennusta · %d yritystä
UI_BOOK_VALUES,"Maa maksustamishind %d, mediaan","Land taxation value %d, median","Zemes kadastrālā vērtība %d, mediāna","Maan verotusarvo %d, mediaani"
UI_BOOK_OF_PLOTS,%d maatükil,over %d plots,%d zemes gabalos,%d tontilla
UI_NO_PLOT_HERE,Sa ei seisa ühelgi katastriüksusel.,You are not standing on a cadastral unit.,Tu nestāvi ne uz vienas zemes vienības.,Et seiso millään kiinteistöllä.
UI_BUS_TIMETABLE,Sõiduplaan,Timetable,Kustības saraksts,Aikataulu
UI_BUS_NEXT,Järgmised väljumised,Next departures,Nākamie atiešanas laiki,Seuraavat lähdöt
UI_BUS_IN_MIN,%d min pärast,in %d min,pēc %d min,%d min päästä
UI_BUS_NO_SERVICE,Selle peatuse sõiduplaani registris ei ole.,The register has no timetable for this stop.,Reģistrā šai pieturai nav kustības saraksta.,Rekisterissä ei ole aikataulua tälle pysäkille.
UI_BOOK_LOADING,Laadin…,Loading…,Ielādē…,Ladataan…
BTN_FOCUS,Näita seoseid,Show links,Rādīt saites,Näytä yhteydet
BTN_FOCUS_TIP,Tõsta see maatükk ja sellega seotu esile igal lehel ja maastikul,Highlight this plot and what it is linked to on every page and on the ground,Izcelt šo zemes gabalu un ar to saistīto katrā lapā un apvidū,Korosta tämä tontti ja siihen liittyvät jokaisella sivulla ja maastossa
UI_LINK_HEAD,Seosed,Linked,Saistīts,Yhteydet
UI_LINK_BUILDINGS,Hooneid sellel maatükil: %d,Buildings on this plot: %d,Ēkas uz šī zemes gabala: %d,Rakennuksia tällä tontilla: %d
UI_LINK_OWNERS_NOTE,Ühine omanik on äriregistri järgi siinsete ettevõtete omanik; maa ise ei ole registri järgi ühisomandis,The shared owner is an owner of the companies here in the Business Register; the register does not say the land itself is jointly held,"Kopīgais īpašnieks pēc uzņēmumu reģistra ir šeit esošo uzņēmumu īpašnieks; reģistrs nesaka, ka pati zeme ir kopīpašumā",Yhteinen omistaja on kaupparekisterin mukaan täkäläisten yritysten omistaja; rekisterin mukaan maa itse ei ole yhteisomistuksessa
UI_FOCUS_ON,Seosed: %s,Links: %s,Saites: %s,Yhteydet: %s
UI_FOCUS_CLEARED,Seosed kustutatud,Links cleared,Saites notīrītas,Yhteydet poistettu
UI_MORE_COMPANIES,… ja veel %d,… and %d more,… un vēl %d,… ja %d muuta
UI_LINK_PLOTS,Seotud maatükke: %d,Linked plots: %d,Saistīti zemes gabali: %d,Liittyviä tontteja: %d
UI_LINK_NONE,Register ei seo seda maatükki ühegi teisega,The registers tie this plot to no other,Reģistri šo zemes gabalu nesaista ne ar vienu citu,Rekisterit eivät yhdistä tätä tonttia mihinkään muuhun
UI_LINK_WHY_OWNER,ühiseid omanikke: %d,owners in common: %d,kopīgi īpašnieki: %d,yhteisiä omistajia: %d
UI_LINK_WHY_REGISTRY,sama kinnistu,the same registered immovable,tas pats nekustamais īpašums,sama kiinteistö
UI_LINK_WHY_BUILDING,ühine hoone,a building stands on both,ēka stāv uz abiem,rakennus seisoo molemmilla
UI_BOOK_FORMERLY_HERE,Varem siia registreeritud,Formerly registered here,Agrāk reģistrēti šeit,Aiemmin rekisteröity tänne
UI_STARTER_DOWNLOADING,ümbruse kohad: allalaadimine %d%%,the places around: downloading %d%%,apkārtnes vietas: lejupielāde %d%%,ympäröivät paikat: ladataan %d%%
UI_STARTER_INSTALLING,ümbruse kohad: lahtipakkimine,the places around: unpacking,apkārtnes vietas: izpakošana,ympäröivät paikat: puretaan
